[
  {
    "url": "template",
    "title": "Template Component"
  },
  {
    "url": "inline",
    "title": "Inline Component"
  },
  {
    "url": "expressions",
    "title": "Expressions & Interpolation"
  },
  {
    "url": "directives",
    "title": "Directives"
  },
  {
    "url": "structdirectives",
    "title": "Structural Directives"
  },
  {
    "url": "binding",
    "title": "Data Binding"
  },
  { "url": "pipes", "title": "Pipes" },
  {
    "url": "localization",
    "title": "Localization"
  },
  {
    "url": "custompipes",
    "title": "Custom Pipes"
  },
  {
    "url": "customdirectives",
    "title": "Custom Directives"
  },
  {
    "url": "lifecycle",
    "title": "Component Lifecycle"
  },
  {
    "url": "container",
    "title": "Container Component"
  },
  { "url": "repeater", "title": "Repeater" },
  {
    "url": "ng-template",
    "title": "ng-template"
  },
  {
    "url": "projection",
    "title": "Content Projection"
  },
  {
    "url": "viewchild",
    "title": "View Child"
  }
]
