{
  "skills": [
    {
      "id": 1,
      "name": "Custom Theme",
      "hours": 4,
      "completed": true,
      "dueDate": "2020-08-06T15:18:22.9829481"
    },
    {
      "id": 2,
      "name": "Theme Mixins",
      "hours": 3,
      "completed": false,
      "dueDate": "2020-07-06T15:18:22.9848654"
    },
    {
      "name": "Cooking Pad Krapao",
      "hours": 1,
      "completed": false,
      "dueDate": "2020-12-22T13:25:16.956Z",
      "id": 3
    }
  ],
  "vouchers": [
    {
      "ID": 2,
      "Text": "BP Tankstelle",
      "Date": "2016-11-15T00:00:00",
      "Amount": 650,
      "Paid": false,
      "Expense": false,
      "Remark": true,
      "Details": [
        {
          "ID": 4,
          "VoucherID": 2,
          "AccountID": 2,
          "Account": null,
          "Text": "Diesel",
          "Amount": 45,
          "Comment": null
        },
        {
          "ID": 6,
          "VoucherID": 2,
          "AccountID": 2,
          "Account": null,
          "Text": "Reifenwechsel",
          "Amount": 20,
          "Comment": null
        }
      ]
    },
    {
      "ID": 3,
      "Text": "Amazon",
      "Date": "2016-11-15T00:00:00",
      "Amount": 0,
      "Paid": false,
      "Expense": false,
      "Remark": false,
      "Details": [
        {
          "ID": 7,
          "VoucherID": 3,
          "AccountID": 6,
          "Account": null,
          "Text": "Game of Thrones, Season 6",
          "Amount": 29,
          "Comment": null
        },
        {
          "ID": 2,
          "VoucherID": 3,
          "AccountID": 1,
          "Account": null,
          "Text": "USB Stick",
          "Amount": 11,
          "Comment": null
        },
        {
          "ID": 3,
          "VoucherID": 3,
          "AccountID": 1,
          "Account": null,
          "Text": "DVI Kabel",
          "Amount": 45,
          "Comment": null
        }
      ]
    },
    {
      "ID": 5,
      "Text": "Inserted by WebApi",
      "Date": "2016-11-08T11:28:42.9",
      "Amount": 0,
      "Paid": false,
      "Expense": false,
      "Remark": false,
      "Details": []
    },
    {
      "ID": 1,
      "Text": "Demo AG",
      "Date": "2016-11-06T10:50:04.1195889",
      "Amount": 800,
      "Paid": false,
      "Expense": false,
      "Remark": true,
      "Details": [
        {
          "ID": 5,
          "VoucherID": 1,
          "AccountID": 4,
          "Account": null,
          "Text": "Remote Support",
          "Amount": 800,
          "Comment": null
        }
      ]
    },
    {
      "ID": 4,
      "Text": "Media Markt",
      "Date": "2016-11-05T10:50:04.1215883",
      "Amount": 100,
      "Paid": true,
      "Expense": true,
      "Remark": false,
      "Details": [
        {
          "ID": 1,
          "VoucherID": 4,
          "AccountID": 1,
          "Account": null,
          "Text": "Ladekabel",
          "Amount": 100,
          "Comment": null
        }
      ]
    }
  ],
  "accounts": [
    {
      "ID": 1,
      "Name": "Depreciation",
      "Expense": true,
      "ActivatedOn": "2018-06-26T18:08:14.7749042",
      "Deprecated": false
    },
    {
      "ID": 2,
      "Name": "Car Maintenance",
      "Expense": true,
      "ActivatedOn": "2018-06-26T18:08:14.7761034",
      "Deprecated": false
    },
    {
      "ID": 3,
      "Name": "Development",
      "Expense": false,
      "ActivatedOn": "2018-06-26T18:08:14.7761045",
      "Deprecated": false
    },
    {
      "ID": 4,
      "Name": "Consulting",
      "Expense": false,
      "ActivatedOn": "2018-06-26T18:08:14.7761048",
      "Deprecated": false
    },
    {
      "ID": 5,
      "Name": "Training",
      "Expense": false,
      "ActivatedOn": "2018-06-26T18:08:14.776105",
      "Deprecated": false
    },
    {
      "ID": 6,
      "Name": "Software",
      "Expense": true,
      "ActivatedOn": "2018-06-26T18:08:14.7761053",
      "Deprecated": false
    },
    {
      "ID": 7,
      "Name": "Hosting & Internet",
      "Expense": true,
      "ActivatedOn": "2018-06-26T18:08:14.7761055",
      "Deprecated": false
    }
  ],
  "tasks": [
    {
      "userId": 1,
      "id": 1,
      "title": "delectus aut autem",
      "completed": false
    },
    {
      "userId": 1,
      "id": 2,
      "title": "quis ut nam facilis et officia qui",
      "completed": false
    },
    {
      "userId": 1,
      "id": 3,
      "title": "fugiat veniam minus",
      "completed": false
    },
    {
      "userId": 1,
      "id": 4,
      "title": "et porro tempora",
      "completed": true
    },
    {
      "userId": 1,
      "id": 5,
      "title": "laboriosam mollitia et enim quasi adipisci quia provident illum",
      "completed": false
    }
  ]
}